diff_LIX,diff_RIX,diff_REL,diff_KandelMoles,diff_Mesnager,diff_characters_per_word,diff_syll_per_word,diff_words_per_sentence,diff_sentences_per_paragraph,diff_type_token_ratio,diff_directspeech_ratio,diff_characters,diff_syllables,diff_words,diff_wordtypes,diff_sentences,diff_long_words,diff_complex_words,diff_complex_words_mes,diff_tobeverb,diff_auxverb,diff_conjunction,diff_preposition,diff_nominalization,diff_subordination,diff_article,diff_pronoun,diff_interrogative
-16.166666666666664,-4.5,15.951071428571453,16.753571428571448,-4.119047619047617,-0.1785714285714288,-0.0857142857142858,-9.5,0.0,0.0,0.0,2.0,0.0,1.0,1.0,1.0,-1.0,0.0,0.0,0.0,0.0,0.0,0.0,0.0,0.0,0.0,1.0,0.0
-18.318681318681307,-5.5,22.087692307692294,22.95384615384617,-5.46520146520146,-0.4807692307692308,-0.1346153846153845,-12.0,0.0,-0.0274725274725274,0.0,-2.0,0.0,2.0,1.0,1.0,-1.0,0.0,0.0,1.0,0.0,0.0,0.0,-1.0,0.0,0.0,0.0,0.0
3.2792022792022806,1.0,3.493262108262087,3.0152421652421566,-0.331433998100664,-0.2749287749287754,-0.0612535612535611,1.0,0.0,-0.0356125356125356,0.0,-2.0,0.0,1.0,0.0,0.0,1.0,0.0,0.0,0.0,0.0,0.0,0.0,-1.0,1.0,-1.0,0.0,0.0
7.953216374269012,3.5,2.8698830409356617,0.5292397660818864,2.358674463937618,-0.5365497076023393,-0.1769005847953217,10.0,0.0,0.0,0.0,-107.0,-35.0,-17.0,-17.0,-3.0,-7.0,-2.0,-5.0,0.0,0.0,0.0,-1.0,0.0,0.0,0.0,0.0,0.0
-7.083333333333336,-2.0,5.951190476190476,6.55952380952381,-3.055555555555557,0.1726190476190474,-0.0119047619047618,-5.0,0.0,0.0803571428571429,0.0,-22.0,-9.0,-5.0,-3.0,0.0,-2.0,-1.0,-2.0,0.0,0.0,0.0,0.0,-1.0,0.0,-1.0,0.0,0.0
-2.787878787878796,-2.0,17.441818181818178,16.96363636363637,-3.757575757575758,-0.6303030303030299,-0.1818181818181818,-4.0,0.0,0.0,0.0,-36.0,-10.0,-4.0,-4.0,0.0,-2.0,-2.0,-2.0,0.0,0.0,1.0,0.0,0.0,-1.0,0.0,0.0,0.0
-24.333333333333336,-5.0,30.44119047619047,30.459523809523816,-8.111111111111114,-1.1619047619047622,-0.2619047619047618,-11.0,0.0,-0.0857142857142856,0.0,17.0,8.0,9.0,6.0,2.0,-1.0,-1.0,1.0,2.0,0.0,0.0,-1.0,0.0,0.0,2.0,2.0,0.0
-3.8361204013377934,-1.0,11.783461538461523,11.523578595317744,-6.685618729096994,-0.1270903010033448,-0.1187290969899665,-3.0,0.0,-0.020066889632107,-1.0,-17.0,-7.0,-3.0,-3.0,0.0,-1.0,-1.0,-3.0,0.0,0.0,0.0,0.0,0.0,0.0,0.0,0.0,0.0
-3.323529411764703,-2.0,2.9559803921568744,4.21666666666664,-2.1699346405228788,0.4485294117647056,0.0563725490196078,-7.0,0.0,0.0661764705882352,0.0,-30.0,-11.0,-7.0,-5.0,0.0,-2.0,-2.0,-2.0,0.0,0.0,-2.0,-2.0,0.0,0.0,0.0,0.0,0.0
-19.565217391304344,-5.0,22.50999999999999,21.2217391304348,-4.608695652173914,-0.8104347826086951,-0.2782608695652173,-2.0,0.0,-0.0069565217391305,0.0,-30.0,-10.0,-2.0,-2.0,0.0,-5.0,-4.0,-2.0,0.0,0.0,0.0,0.0,-1.0,0.0,1.0,0.0,0.0
-16.475113122171948,-2.5,18.151199095022605,21.22692307692309,-4.737556561085974,0.251131221719457,0.0429864253393665,-21.0,0.0,0.1085972850678733,0.0,-25.0,-9.0,-8.0,-4.0,1.0,0.0,0.0,-1.0,0.0,0.0,-1.0,-2.0,0.0,0.0,-2.0,1.0,0.0
-4.19047619047619,-1.0,12.05085714285714,11.982857142857128,1.7142857142857189,-0.4171428571428563,-0.1085714285714285,-4.0,0.0,0.1047619047619047,0.0,-27.0,-9.0,-4.0,-1.0,0.0,-1.0,-2.0,0.0,0.0,0.0,0.0,-1.0,0.0,0.0,-1.0,0.0,0.0
-19.92307692307692,-5.0,34.78282051282049,35.95641025641028,-9.63247863247863,-0.3621794871794872,-0.2243589743589744,-18.0,0.0,-0.0096153846153845,0.0,-19.0,-9.0,-2.0,-2.0,2.0,-1.0,-2.0,-2.0,0.0,0.0,0.0,-1.0,-2.0,0.0,0.0,1.0,0.0
-4.333333333333343,-2.0,-11.083333333333371,-8.966666666666669,0.7777777777777786,0.5750000000000002,0.2333333333333334,-6.0,0.0,0.025,0.0,-18.0,-5.0,-6.0,-5.0,0.0,-2.0,0.0,0.0,1.0,0.0,0.0,-1.0,1.0,-1.0,-1.0,1.0,0.0
-10.962962962962962,-4.0,13.042685185185237,14.278703703703684,-6.586419753086421,-0.083333333333333,-0.0324074074074074,-10.5,0.0,-0.037037037037037,0.0,15.0,5.0,3.0,2.0,1.0,1.0,1.0,0.0,1.0,0.0,0.0,0.0,0.0,0.0,0.0,0.0,0.0
-14.57142857142857,-3.0,31.85000000000001,30.700000000000017,-7.714285714285715,-0.9571428571428564,-0.3500000000000001,-6.0,0.0,0.0999999999999999,0.0,-47.0,-16.0,-6.0,-4.0,0.0,-3.0,-2.0,-3.0,0.0,0.0,0.0,0.0,-1.0,0.0,-1.0,0.0,0.0
-20.73160173160173,-6.0,18.169848484848487,20.819696969696963,-8.20923520923521,0.2240259740259746,0.0151515151515151,-19.0,0.0,0.0086580086580085,-1.0,-16.0,-7.0,-5.0,-4.0,1.0,-2.0,-1.0,-2.0,0.0,0.0,0.0,-1.0,-1.0,0.0,0.0,1.0,0.0
-3.5,-2.0,-3.723333333333344,-2.166666666666657,-0.3333333333333286,0.2250000000000005,0.1333333333333333,-6.0,0.0,-0.15,0.0,-28.0,-7.0,-6.0,-9.0,0.0,-2.0,1.0,-1.0,-1.0,0.0,1.0,-2.0,1.0,-1.0,0.0,0.0,0.0
-7.030303030303031,-2.0,30.080202020201995,28.64040404040405,-2.680134680134678,-0.7474747474747474,-0.3535353535353536,-4.0,0.0,-0.0101010101010101,0.0,-38.0,-14.0,-4.0,-4.0,0.0,-2.0,-2.0,-2.0,0.0,0.0,0.0,0.0,-1.0,0.0,0.0,1.0,0.0
-9.555555555555555,-3.0,8.520606060606042,8.721212121212133,-2.3434343434343425,-0.4090909090909091,-0.0606060606060605,-4.0,0.0,-0.0555555555555555,0.0,-31.0,-8.0,-4.0,-5.0,0.0,-3.0,-2.0,-1.0,0.0,0.0,0.0,1.0,0.0,-1.0,1.0,0.0,0.0
9.254032258064512,1.5,-6.766935483870952,-9.435483870967744,3.454301075268816,-0.1965725806451614,-0.1149193548387097,15.0,0.0,-0.0070564516129032,-0.5,-10.0,-5.0,-1.0,-1.0,-1.0,-2.0,-2.0,-1.0,0.0,0.0,0.0,2.0,0.0,0.0,0.0,0.0,0.0
-14.462962962962962,-5.0,16.033981481481504,17.254629629629633,-5.018518518518516,-0.0429629629629628,-0.0592592592592593,-11.5,0.0,0.0029629629629629,0.0,9.0,2.0,2.0,2.0,1.0,0.0,0.0,0.0,1.0,0.0,0.0,0.0,0.0,0.0,0.0,1.0,0.0
-8.409090909090907,-2.25,10.65075757575758,10.901515151515156,-3.6868686868686886,-0.25,-0.0757575757575759,-5.0,0.0,0.0037878787878787,-0.75,5.0,2.0,2.0,2.0,2.0,0.0,0.0,0.0,1.0,0.0,0.0,0.0,0.0,0.0,0.0,1.0,0.0
-2.2962962962962976,-1.0,4.142910052910054,5.101058201058194,1.880070546737216,0.079365079365079,0.0264550264550265,-6.0,0.0,0.0423280423280423,0.0,-27.0,-9.0,-6.0,-4.0,0.0,-1.0,-1.0,-1.0,0.0,0.0,0.0,-2.0,-1.0,0.0,-2.0,0.0,0.0
-10.955334987593048,-3.0,10.55390818858561,10.812034739454075,-3.899917287014059,-0.0471464019851115,-0.0744416873449129,-5.0,0.0,0.0074441687344912,0.0,-23.0,-10.0,-5.0,-4.0,0.0,-3.0,-2.0,-2.0,0.0,0.0,0.0,-2.0,-1.0,0.0,-1.0,0.0,0.0
-1.75,0.0,3.3329999999999984,4.565000000000012,-4.5,0.34375,0.05125,-7.0,0.0,0.0849999999999999,0.0,-24.0,-9.0,-7.0,-4.0,0.0,0.0,0.0,-3.0,0.0,0.0,0.0,-1.0,-1.0,-1.0,-1.0,0.0,0.0
-20.02380952380953,-4.5,21.171785714285704,21.78928571428574,-0.3253968253968242,-0.2380952380952381,-0.1428571428571428,-10.5,0.0,-0.0476190476190475,0.0,-5.0,-3.0,0.0,-1.0,1.0,-2.0,-1.0,1.0,1.0,0.0,0.0,0.0,0.0,0.0,-1.0,2.0,0.0
-5.595238095238095,-2.0,2.66547619047617,3.5238095238095184,5.277777777777779,-0.0386904761904762,0.0327380952380953,-5.0,0.0,0.0476190476190476,0.0,-28.0,-9.0,-5.0,-4.0,0.0,-2.0,-1.0,0.0,0.0,0.0,0.0,-1.0,-1.0,0.0,1.0,0.0,0.0
-10.0,-3.5,10.150000000000006,11.5,-3.333333333333332,0.0,0.0,-10.0,0.0,0.0499999999999999,0.0,0.0,0.0,0.0,1.0,1.0,0.0,0.0,0.0,1.0,0.0,0.0,-1.0,0.0,0.0,-1.0,0.0,0.0
-4.243589743589752,-1.0,2.973589743589727,3.1717948717949014,-2.3760683760683747,-0.217948717948718,-0.0128205128205129,-2.0,0.0,-0.0032051282051281,0.0,-14.0,-3.0,-2.0,-2.0,0.0,-1.0,0.0,-1.0,0.0,0.0,0.0,0.0,0.0,0.0,0.0,0.0,0.0
-9.515151515151524,-3.0,18.60242424242425,18.88484848484849,-5.292929292929294,-0.0272727272727273,-0.1424242424242425,-8.0,0.0,-0.012121212121212,0.0,-47.0,-17.0,-8.0,-8.0,0.0,-3.0,-4.0,-3.0,-1.0,0.0,0.0,0.0,0.0,-1.0,-1.0,0.0,0.0
-13.5,-4.0,16.428425925925936,18.04351851851851,-4.5,0.0740740740740735,-0.0370370370370369,-13.5,0.0,0.0,-0.5,2.0,-1.0,0.0,0.0,1.0,0.0,-1.0,0.0,0.0,0.0,0.0,0.0,0.0,0.0,0.0,0.0,0.0
-12.274193548387096,-4.5,10.984112903225837,13.437903225806464,-0.8655913978494638,0.129032258064516,0.064516129032258,-15.5,0.0,0.0,0.0,4.0,2.0,0.0,0.0,1.0,1.0,1.0,2.0,1.0,0.0,0.0,-1.0,0.0,0.0,0.0,0.0,0.0
-4.841269841269835,-3.0,-0.3642857142857281,1.7857142857142918,-1.216931216931215,0.7063492063492065,0.1428571428571428,-10.0,0.0,0.1746031746031745,0.0,-43.0,-16.0,-10.0,-4.0,0.0,-3.0,-2.0,-3.0,0.0,-1.0,0.0,0.0,-2.0,0.0,-2.0,0.0,0.0
-4.533596837944664,-1.0,7.1304545454545405,6.375691699604772,-3.355731225296441,-0.3399209486166006,-0.1106719367588933,1.0,0.0,0.0,0.0,-3.0,-1.0,1.0,1.0,0.0,-1.0,0.0,-1.0,1.0,0.0,0.0,0.0,-1.0,0.0,0.0,0.0,0.0
-11.57142857142857,-3.5,8.463571428571427,10.578571428571408,-5.285714285714281,0.0809523809523806,0.0642857142857142,-13.0,0.0,0.0095238095238096,0.0,12.0,5.0,2.0,2.0,1.0,1.0,0.0,0.0,-1.0,0.0,-1.0,1.0,0.0,0.0,0.0,2.0,0.0
-26.0,-6.666666666666666,19.78140211640212,22.0256613756614,-6.68253968253968,0.0251322751322744,-0.0251322751322751,-17.666666666666664,0.0,0.003968253968254,0.0,6.0,1.0,1.0,1.0,2.0,-2.0,0.0,0.0,1.0,0.0,0.0,-1.0,0.0,0.0,-2.0,2.0,0.0
-13.887267904509288,-3.0,14.893720159151172,16.201127320954896,-5.159593280282934,-0.1976127320954903,-0.0437665782493368,-11.5,0.0,0.0159151193633951,0.0,8.0,3.0,3.0,3.0,1.0,0.0,0.0,0.0,1.0,0.0,0.0,0.0,0.0,0.0,0.0,1.0,0.0
-8.452380952380956,-1.6666666666666663,3.8517857142856826,4.089285714285708,-3.214285714285708,-0.2023809523809525,-0.0178571428571427,-2.5,0.0,0.0119047619047618,-0.1666666666666666,11.0,5.0,3.0,3.0,1.0,0.0,1.0,1.0,1.0,0.0,0.0,0.0,0.0,0.0,0.0,1.0,0.0
-11.996927803379414,-3.0,25.97795698924732,26.123655913978496,1.7869943676395297,-0.2150537634408609,-0.2150537634408602,-10.0,0.0,0.0168970814132104,0.0,-50.0,-20.0,-10.0,-9.0,0.0,-3.0,-2.0,0.0,0.0,0.0,0.0,-2.0,-2.0,0.0,-1.0,0.0,0.0
-10.58429118773946,-2.5,11.18354086845467,12.985472541507022,-3.23009791400596,-0.0587484035759899,0.0204342273307789,-12.5,0.0,-0.0613026819923371,0.0,8.0,4.0,2.0,0.0,1.0,1.0,1.0,1.0,1.0,0.0,-1.0,0.0,0.0,0.0,0.0,1.0,0.0
-13.63960113960114,-4.0,14.46983618233618,16.021723646723643,-2.1723646723646723,-0.0227920227920224,-0.0242165242165242,-12.5,0.0,0.0413105413105413,0.0,4.0,1.0,1.0,2.0,1.0,0.0,0.0,1.0,2.0,0.0,0.0,0.0,0.0,0.0,0.0,0.0,0.0
0.8571428571428612,0.0,-1.6499999999999917,-1.0999999999999943,0.1269841269841229,0.0880952380952377,0.05,-2.0,0.0,0.0333333333333333,0.0,-9.0,-2.0,-2.0,-1.0,0.0,0.0,0.0,0.0,-1.0,0.0,0.0,-1.0,0.0,0.0,0.0,0.0,0.0
-13.66137566137566,-2.5,14.168544973544968,15.849470899470916,-4.774250440917108,-0.0052910052910046,-0.0132275132275132,-13.0,0.0,-0.029100529100529,0.0,4.0,1.0,1.0,0.0,1.0,0.0,0.0,0.0,0.0,0.0,-1.0,1.0,0.0,0.0,0.0,0.0,0.0
-7.428571428571431,-2.0,6.723619047619053,7.060952380952372,-2.984126984126984,-0.1866666666666665,-0.0361904761904763,-4.0,0.0,0.0247619047619047,0.0,-22.0,-7.0,-4.0,-3.0,0.0,-2.0,-1.0,-1.0,0.0,0.0,0.0,0.0,0.0,0.0,-1.0,0.0,0.0
-6.10526315789474,-1.0,6.848815789473662,6.646052631578982,-2.692982456140351,-0.4967105263157894,-0.0723684210526316,-1.5,0.0,0.0,0.0,-25.0,-7.0,-3.0,-3.0,0.0,-2.0,-2.0,-1.0,0.0,0.0,0.0,0.0,-1.0,0.0,0.0,0.0,0.0
-4.19047619047619,-1.0,3.921190476190489,4.259523809523785,-0.6031746031746081,-0.0892857142857144,-0.0119047619047618,-3.0,0.0,0.0297619047619047,0.0,-15.0,-5.0,-3.0,-2.0,0.0,-1.0,-1.0,-1.0,0.0,0.0,0.0,-1.0,-1.0,0.0,0.0,0.0,0.0
-11.888888888888893,-3.0,25.124999999999982,23.84999999999997,-9.148148148148149,-0.522222222222223,-0.2999999999999998,-3.0,0.0,-0.011111111111111,0.0,-27.0,-10.0,-3.0,-3.0,0.0,-3.0,-3.0,-3.0,0.0,0.0,0.0,0.0,0.0,0.0,0.0,0.0,0.0
-0.518518518518519,0.0,-0.8049629629629607,-0.3192592592592547,0.7160493827160508,0.1437037037037036,0.0385185185185186,-2.0,0.0,-0.0029629629629629,0.0,-5.0,-2.0,-2.0,-2.0,0.0,0.0,0.0,0.0,0.0,0.0,0.0,0.0,0.0,0.0,0.0,0.0,0.0
-9.300395256916993,-2.0,9.742272727272749,9.213241106719336,0.0619235836627112,-0.3478260869565215,-0.1185770750988142,-1.0,0.0,-0.0019762845849802,0.0,-12.0,-4.0,-1.0,-1.0,0.0,-2.0,-1.0,0.0,0.0,0.0,1.0,0.0,0.0,0.0,-1.0,0.0,0.0
-0.4444444444444499,-1.0,-6.176666666666648,-4.433333333333309,3.555555555555557,0.5277777777777777,0.1666666666666665,-6.0,0.0,-0.0555555555555555,0.0,-23.0,-7.0,-6.0,-7.0,0.0,-1.0,-1.0,0.0,-1.0,0.0,0.0,0.0,0.0,0.0,-2.0,0.0,0.0
-0.4916387959866171,0.0,0.0911538461538441,0.720903010033453,0.6722408026755851,0.155518394648829,0.040133779264214,-3.0,0.0,0.0,0.0,-9.0,-3.0,-3.0,-3.0,0.0,0.0,0.0,0.0,0.0,0.0,0.0,-1.0,0.0,0.0,-1.0,0.0,0.0
0.6515151515151416,0.0,-1.8730303030302904,-1.3060606060606403,0.8484848484848477,0.1704545454545458,0.0530303030303032,-2.0,0.0,0.0,0.0,-6.0,-2.0,-2.0,-2.0,0.0,0.0,0.0,0.0,-1.0,0.0,0.0,-1.0,0.0,0.0,0.0,-1.0,0.0
6.276214833759596,0.0,-4.07470588235293,-2.491304347826116,-0.8064791133844835,0.9258312020460364,0.1381074168797953,-6.0,0.0,0.1150895140664961,0.0,-14.0,-6.0,-6.0,-3.0,0.0,0.0,1.0,-1.0,0.0,0.0,0.0,-1.0,0.0,-1.0,0.0,0.0,0.0
-3.4492753623188364,-1.0,4.468095238095245,4.552587991718397,1.2657004830917842,-0.1987577639751547,-0.0331262939958592,-2.0,0.0,0.0,0.0,-14.0,-4.0,-2.0,-2.0,0.0,-1.0,-1.0,0.0,0.0,0.0,0.0,0.0,-1.0,0.0,0.0,0.0,0.0
-5.183150183150175,-1.0,11.006135531135511,11.229853479853476,0.7753357753357761,-0.0805860805860803,-0.0805860805860805,-5.0,0.0,-0.0091575091575092,0.0,-24.0,-9.0,-5.0,-5.0,0.0,-1.0,-1.0,0.0,-1.0,0.0,0.0,1.0,-1.0,0.0,0.0,0.0,0.0
-1.5279503105590069,0.0,-0.5842857142857412,0.7335403726708023,-1.0062111801242235,0.35527950310559,0.0906832298136646,-6.0,0.0,0.1130434782608694,0.0,-34.0,-13.0,-12.0,-7.0,0.0,0.0,0.0,0.0,0.0,0.0,0.0,-5.0,0.0,0.0,-1.0,0.0,0.0
-0.0769230769230802,0.0,-2.013956043956057,-1.4362637362637545,0.2490842490842517,0.2197802197802199,0.0549450549450549,-2.0,0.0,-0.0384615384615384,0.0,-4.0,-2.0,-2.0,-3.0,0.0,0.0,0.0,0.0,-1.0,0.0,0.0,-1.0,0.0,0.0,0.0,0.0,0.0
1.0075187969924857,0.0,-1.6592230576441125,-1.1085213032581436,2.00668337510443,0.2882205513784459,0.050125313283208,-2.0,0.0,-0.0200501253132832,0.0,-5.0,-2.0,-2.0,-2.0,0.0,0.0,0.0,0.0,0.0,0.0,0.0,0.0,0.0,0.0,0.0,0.0,0.0
-12.75,-3.0,15.099999999999994,14.799999999999985,-0.5,-0.2125000000000003,-0.1499999999999999,-4.0,0.0,0.05,0.0,-27.0,-10.0,-4.0,-3.0,0.0,-3.0,-1.0,-1.0,-1.0,0.0,0.0,0.0,-1.0,0.0,0.0,0.0,0.0
0.1428571428571388,-1.0,1.8478571428571229,3.1928571428571217,-1.539682539682541,0.3809523809523814,0.0714285714285714,-7.0,0.0,0.0,0.0,-31.0,-12.0,-7.0,-6.0,0.0,-1.0,-2.0,-2.0,-1.0,0.0,0.0,-3.0,-1.0,1.0,-1.0,0.0,0.0
1.5944055944055933,0.0,-4.174965034965041,-3.008391608391605,0.9976689976689954,0.4895104895104891,0.1118881118881118,-4.0,0.0,-0.0209790209790209,0.0,-10.0,-4.0,-4.0,-4.0,0.0,0.0,0.0,0.0,-1.0,0.0,-1.0,0.0,0.0,0.0,-1.0,0.0,0.0
-15.545454545454549,-3.5,11.164999999999992,12.650000000000006,-3.666666666666664,-0.1818181818181816,0.0,-11.0,0.0,-0.0454545454545454,0.0,-4.0,0.0,0.0,-1.0,1.0,-1.0,0.0,0.0,1.0,0.0,0.0,0.0,0.0,0.0,-1.0,1.0,0.0
8.62626262626263,1.0,-13.410707070707076,-11.541414141414124,-0.996632996632993,0.737373737373737,0.2373737373737372,-4.0,0.0,-0.0202020202020202,0.0,-8.0,-3.0,-4.0,-4.0,0.0,1.0,1.0,-1.0,0.0,0.0,0.0,-1.0,0.0,0.0,-1.0,0.0,0.0
-6.6023391812865455,-1.0,10.390847953216364,9.388011695906428,-15.261208576998047,-0.4853801169590648,-0.1549707602339181,1.0,0.0,0.0029239766081871,0.0,-3.0,-1.0,1.0,1.0,0.0,-1.0,-2.0,-4.0,0.0,0.0,0.0,0.0,-1.0,0.0,0.0,0.0,0.0
-3.813852813852812,-1.0,9.139675324675324,8.656493506493518,-2.497835497835496,-0.2792207792207799,-0.1103896103896104,-1.0,0.0,-0.0021645021645022,0.0,-11.0,-4.0,-1.0,-1.0,0.0,-1.0,-1.0,-1.0,0.0,0.0,0.0,0.0,-1.0,0.0,0.0,0.0,0.0
1.6666666666666643,0.0,-1.7943333333333555,-0.596666666666664,1.8888888888888893,0.3600000000000003,0.0933333333333332,-5.0,0.0,0.0333333333333333,0.0,-19.0,-6.0,-5.0,-4.0,0.0,0.0,0.0,0.0,-1.0,0.0,0.0,-1.0,0.0,0.0,0.0,0.0,0.0
-4.00744416873448,-2.0,-4.513089330024783,-3.108560794044664,0.4011579818031414,0.3498759305210921,0.1302729528535979,-5.0,0.0,0.0272952853598015,0.0,-18.0,-5.0,-5.0,-3.0,0.0,-2.0,0.0,0.0,0.0,0.0,0.0,-3.0,0.0,2.0,-1.0,0.0,0.0
0.8985507246376798,0.0,-1.3223809523809535,-0.7973084886128561,-5.359558316080054,0.1014492753623192,0.0455486542443064,-2.0,0.0,-0.0082815734989647,0.0,-7.0,-2.0,-2.0,-2.0,0.0,0.0,0.0,-2.0,-1.0,0.0,0.0,-1.0,0.0,0.0,0.0,0.0,0.0
-9.77777777777778,-5.0,19.267407407407404,20.34814814814817,-4.493827160493826,-0.0592592592592593,-0.0962962962962963,-12.0,0.0,0.0888888888888889,0.0,-68.0,-25.0,-12.0,-8.0,0.0,-5.0,-4.0,-5.0,0.0,0.0,0.0,-3.0,-2.0,0.0,-2.0,0.0,0.0
0.6153846153846132,0.0,0.474358974358978,1.287179487179472,0.034188034188034,0.2461538461538461,0.0487179487179487,-4.0,0.0,0.0564102564102564,0.0,-14.0,-5.0,-4.0,-2.0,0.0,0.0,0.0,0.0,0.0,0.0,1.0,-1.0,0.0,-1.0,-1.0,0.0,0.0
16.62365591397848,6.0,-26.731881720430124,-27.598387096774204,11.45519713261649,0.256720430107527,0.174731182795699,13.666666666666666,0.0,0.0456989247311827,0.6666666666666667,-32.0,-8.0,-7.0,-5.0,-2.0,-2.0,0.0,0.0,0.0,0.0,0.0,0.0,-1.0,0.0,-1.0,-1.0,0.0
-17.07099391480731,-5.0,16.360121703853977,17.66206896551722,0.4624746450304258,-0.2799188640973638,-0.0567951318458419,-12.0,0.0,0.0202839756592292,0.0,-66.0,-20.0,-12.0,-10.0,0.0,-5.0,0.0,-3.0,0.0,0.0,0.0,-2.0,0.0,0.0,0.0,1.0,0.0
2.281045751633989,0.0,-7.598921568627446,-6.950000000000017,1.1960784313725483,0.359477124183007,0.107843137254902,-0.333333333333333,0.0,0.0,0.0,0.0,0.0,-1.0,-1.0,0.0,0.0,1.0,0.0,0.0,0.0,0.0,0.0,0.0,0.0,0.0,0.0,0.0
-10.105769230769226,-3.0,12.915769230769229,15.96538461538465,-9.53846153846154,0.072115384615385,0.0865384615384614,-19.0,0.0,0.0480769230769231,0.0,-81.0,-25.0,-19.0,-16.0,0.0,-3.0,-2.0,-3.0,0.0,0.0,-1.0,-2.0,-3.0,-2.0,-4.0,1.0,0.0
4.75,1.0,-0.095000000000013,-0.3000000000000113,7.833333333333329,0.3083333333333335,-0.0124999999999999,1.0,0.0,0.0749999999999999,0.0,-73.0,-24.0,-14.0,-10.0,-1.0,-5.0,-4.0,-1.0,0.0,0.0,-1.0,-3.0,0.0,0.0,-2.0,0.0,0.0
-7.38095238095238,-3.0,-5.22023809523813,-3.761904761904759,10.23809523809524,0.1636904761904762,0.1398809523809525,-5.0,0.0,0.1130952380952381,0.0,-30.0,-8.0,-5.0,-2.0,0.0,-3.0,0.0,0.0,0.0,0.0,0.0,-2.0,0.0,0.0,0.0,0.0,0.0
0.5840407470288653,-1.0,7.183938879456719,7.486247877758913,1.1567628749292602,0.0560271646859078,-0.0424448217317487,-4.000000000000001,0.0,0.1086587436332766,-0.3333333333333333,-57.0,-19.0,-12.0,-8.0,0.0,-3.0,-2.0,-2.0,-1.0,0.0,0.0,-3.0,-2.0,0.0,0.0,0.0,0.0
-11.805194805194809,-5.5,18.210844155844143,20.433116883116867,-3.71861471861472,-0.2077922077922078,-0.0129870129870131,-17.0,0.0,0.0357142857142857,0.0,-38.0,-11.0,-6.0,-5.0,1.0,-1.0,-2.0,0.0,-1.0,0.0,0.0,-1.0,0.0,-1.0,-1.0,1.0,0.0
-15.296703296703306,-6.0,17.032747252747214,18.283516483516493,-5.098901098901102,-0.2280219780219781,-0.0659340659340659,-12.0,0.0,-0.0274725274725274,0.0,5.0,2.0,2.0,1.0,1.0,0.0,0.0,0.0,1.0,0.0,0.0,0.0,0.0,0.0,0.0,1.0,0.0
4.089743589743591,1.0,-6.934102564102588,-5.982051282051273,0.6153846153846132,0.3589743589743595,0.1217948717948718,-2.0,0.0,0.0384615384615384,0.0,0.0,0.0,-2.0,-1.0,0.0,1.0,1.0,0.0,0.0,0.0,-1.0,0.0,0.0,0.0,0.0,0.0,0.0
-4.785714285714278,-2.0,7.864047619047653,7.902380952380938,-7.7460317460317505,-0.4523809523809525,-0.0654761904761904,-3.0,0.0,-0.005952380952381,0.0,-29.0,-7.0,-3.0,-3.0,0.0,-2.0,-4.0,-3.0,0.0,0.0,0.0,-1.0,-1.0,0.0,0.0,0.0,0.0
4.83229813664596,1.0,-5.741428571428557,-4.880124223602493,1.541752933057282,0.2173913043478261,0.1055900621118011,-2.0,0.0,0.0310559006211179,0.0,-5.0,-1.0,-2.0,-1.0,0.0,1.0,1.0,0.0,-1.0,0.0,0.0,1.0,0.0,0.0,0.0,0.0,0.0
6.451612903225808,2.0,-7.122580645161307,-6.580645161290335,0.0,0.419354838709677,0.0967741935483872,0.0,0.0,-0.032258064516129,0.0,13.0,3.0,0.0,-1.0,0.0,2.0,1.0,0.0,-2.0,0.0,0.0,0.0,1.0,1.0,1.0,0.0,0.0
-11.629629629629632,-3.5,22.265925925925927,23.118518518518528,-8.691358024691354,-0.1148148148148147,-0.137037037037037,-12.0,0.0,0.0074074074074074,0.0,11.0,1.0,3.0,3.0,1.0,1.0,-1.0,-1.0,1.0,0.0,0.0,0.0,0.0,0.0,0.0,1.0,0.0
-17.14285714285714,-3.0,15.224999999999994,17.25,-3.5714285714285765,-0.2357142857142857,0.0,-15.0,0.0,0.1071428571428571,0.0,-72.0,-21.0,-15.0,-9.0,0.0,-3.0,-3.0,-3.0,-3.0,0.0,0.0,-1.0,0.0,0.0,0.0,0.0,0.0
-4.319347319347322,-1.0,1.100337995338009,2.502214452214446,2.017871017871016,0.0372960372960378,0.0815850815850816,-7.0,0.0,0.0606060606060605,0.0,-30.0,-7.0,-7.0,-5.0,0.0,-1.0,1.0,0.0,1.0,0.0,1.0,-1.0,0.0,-1.0,-1.0,0.0,0.0
-6.10526315789474,-2.0,10.257894736842104,10.326315789473654,-9.754385964912275,0.0842105263157897,-0.0842105263157892,-4.0,0.0,-0.0140350877192981,-1.0,-20.0,-8.0,-4.0,-4.0,0.0,-2.0,-1.0,-4.0,0.0,0.0,0.0,0.0,-1.0,0.0,0.0,0.0,0.0
3.301075268817208,1.0,-3.2585483870967664,-2.798387096774192,2.6057347670250905,0.1666666666666669,0.0580645161290322,-1.0,0.0,-0.0032258064516128,0.0,0.0,0.0,-1.0,-1.0,0.0,1.0,1.0,1.0,0.0,0.0,0.0,0.0,0.0,0.0,0.0,0.0,0.0
-7.729528535980144,-2.0,11.467059553349898,11.65570719602978,-3.899917287014059,-0.0930521091811416,-0.086848635235732,-5.0,0.0,0.0210918114143919,0.0,-25.0,-10.0,-5.0,-3.0,0.0,-2.0,-2.0,-2.0,0.0,0.0,0.0,-2.0,0.0,0.0,0.0,0.0,0.0
-11.38095238095238,-5.0,12.201666666666654,13.183333333333335,-3.396825396825392,-0.125,-0.0416666666666667,-9.0,0.0,-0.0773809523809523,0.0,15.0,5.0,3.0,1.0,1.0,1.0,0.0,1.0,0.0,0.0,1.0,0.0,0.0,0.0,0.0,0.0,0.0
-1.2380952380952408,-1.0,-4.034867724867695,-2.4544973544973345,0.4691358024691361,0.4867724867724865,0.1375661375661374,-6.0,0.0,0.0158730158730159,0.0,-22.0,-8.0,-6.0,-5.0,0.0,-1.0,0.0,-1.0,0.0,0.0,1.0,-1.0,0.0,0.0,-1.0,0.0,0.0
6.856682769726248,0.5,-8.28111111111113,-7.226570048309156,2.3392377885131523,0.4653784219001613,0.1400966183574878,-2.0,0.0,0.0,0.0,-9.0,-3.0,-4.0,-4.0,0.0,1.0,0.0,0.0,-1.0,0.0,0.0,-1.0,0.0,0.0,0.0,0.0,0.0
-9.833333333333345,-6.0,1.9433333333333564,4.76666666666668,-1.333333333333332,0.2000000000000001,0.1666666666666665,-14.0,0.0,-0.0083333333333334,0.0,-23.0,-5.0,-4.0,-4.0,1.0,-1.0,-1.0,0.0,2.0,0.0,-1.0,-1.0,-1.0,-1.0,2.0,0.0,0.0
-4.701754385964925,-2.0,6.384210526315783,6.747368421052613,-4.608187134502924,-0.1859649122807019,-0.0315789473684209,-4.0,0.0,0.0,0.0,-27.0,-7.0,-4.0,-4.0,0.0,-2.0,-1.0,-2.0,-1.0,0.0,0.0,1.0,0.0,0.0,-1.0,0.0,0.0
-4.495726495726501,-1.0,5.561239316239295,5.774786324786305,0.2820512820512775,-0.0534188034188032,-0.034188034188034,-3.0,0.0,-0.0106837606837606,0.0,-15.0,-6.0,-3.0,-3.0,0.0,-1.0,-1.0,0.0,0.0,0.0,0.0,0.0,-1.0,-1.0,0.0,0.0,0.0
-9.13586956521739,-2.0,7.534999999999982,8.871739130434804,-3.9057971014492736,0.2078804347826084,0.0217391304347827,-9.0,0.0,0.03125,0.0,-36.0,-13.0,-9.0,-8.0,0.0,-2.0,-1.0,-2.0,0.0,1.0,0.0,-2.0,-1.0,0.0,-1.0,0.0,0.0
0.0118577075098826,0.0,3.7849999999999966,3.2847826086956786,-0.1936758893280625,-0.0849802371541494,-0.0652173913043479,1.0,0.0,-0.0830039525691699,0.0,3.0,0.0,1.0,-1.0,0.0,0.0,1.0,0.0,1.0,0.0,0.0,-1.0,1.0,1.0,0.0,1.0,0.0
-4.111111111111107,-1.0,1.68203703703702,2.190740740740722,1.2222222222222214,0.0370370370370372,0.0185185185185186,-3.0,0.0,-0.0518518518518519,0.0,-12.0,-4.0,-3.0,-4.0,0.0,-1.0,-1.0,0.0,-1.0,0.0,0.0,1.0,0.0,0.0,1.0,0.0,0.0
-3.5714285714285694,-1.0,1.5729999999999933,2.089999999999989,0.7142857142857117,0.0228571428571431,0.02,-3.0,0.0,0.0628571428571429,0.0,-14.0,-4.0,-3.0,-1.0,0.0,-1.0,0.0,0.0,-1.0,1.0,-1.0,1.0,1.0,0.0,0.0,0.0,0.0
4.451086956521749,0.0,-2.065000000000012,0.0021739130435065,1.0760869565217384,0.9388586956521738,0.1521739130434782,-9.0,0.0,0.0692934782608695,0.0,-22.0,-10.0,-9.0,-6.0,0.0,0.0,0.0,0.0,-1.0,0.0,0.0,-2.0,2.0,0.0,-1.0,0.0,0.0
-5.666666666666657,-2.0,2.131,3.030000000000016,2.7777777777777786,-0.126666666666666,0.0399999999999998,-5.0,0.0,-0.02,0.0,-30.0,-7.0,-5.0,-5.0,0.0,-2.0,0.0,0.0,0.0,0.0,0.0,1.0,0.0,0.0,-2.0,0.0,0.0
-6.896103896103902,-2.0,10.900974025974053,12.830519480519456,-0.2640692640692599,0.2636363636363636,0.0311688311688311,-13.0,0.0,0.0571428571428571,0.0,-54.0,-19.0,-13.0,-11.0,0.0,-2.0,-2.0,-2.0,0.0,0.0,0.0,-3.0,-1.0,0.0,-2.0,0.0,0.0
6.25925925925926,0.5,-1.0567037037037323,-0.7640740740740597,-1.0246913580246932,0.4355555555555552,0.028148148148148,-1.0,0.0,0.0711111111111111,0.0,0.0,-3.0,-2.0,0.0,0.0,1.0,0.0,-1.0,0.0,0.0,-1.0,2.0,1.0,0.0,0.0,0.0,0.0
-6.764976958525345,-2.0,11.521751152073731,11.49400921658986,-2.930875576036861,-0.4092165898617512,-0.1013824884792626,-4.0,0.0,-0.0110599078341013,0.0,-32.0,-10.0,-4.0,-4.0,0.0,-2.0,-1.0,-2.0,0.0,0.0,0.0,0.0,-1.0,0.0,0.0,0.0,0.0
3.516129032258064,1.0,-0.8052150537634191,-0.5317204301075122,-2.053763440860209,0.2763440860215054,0.0247311827956988,-1.0,0.0,-0.0021505376344085,0.0,3.0,-1.0,-1.0,-1.0,0.0,1.0,-2.0,-1.0,0.0,0.0,0.0,0.0,1.0,0.0,0.0,0.0,0.0
-5.905982905982896,-8.333333333333334,-2.131923076923087,2.91153846153847,6.578347578347575,1.5470085470085468,0.3461538461538462,-23.0,0.0,0.1538461538461538,0.0,-75.0,-25.0,-17.0,-13.0,2.0,-5.0,-2.0,-2.0,0.0,0.0,-1.0,-2.0,0.0,0.0,-2.0,0.0,0.0
-1.823529411764703,-1.0,-9.726764705882331,-8.350000000000023,5.86274509803922,0.2441176470588235,0.1735294117647059,-3.0,0.0,-0.0088235294117646,0.0,-11.0,-2.0,-3.0,-3.0,0.0,-1.0,1.0,1.0,1.0,0.0,0.0,-1.0,0.0,0.0,0.0,0.0,0.0
-8.166666666666664,0.7,14.847499999999982,12.974999999999994,-4.38888888888889,-1.1000000000000003,-0.25,3.5,0.0,0.0,-0.2,-45.0,-12.0,-5.0,-5.0,-3.0,-4.0,-2.0,-2.0,0.0,0.0,0.0,0.0,0.0,0.0,0.0,0.0,0.0
-1.050691244239637,0.0,0.7361290322580629,1.529032258064518,0.878648233486949,0.1032258064516131,0.0451612903225806,-4.0,0.0,0.0101382488479262,0.0,-16.0,-5.0,-4.0,-3.0,0.0,0.0,0.0,0.0,-1.0,0.0,0.0,0.0,1.0,0.0,-1.0,0.0,0.0
-4.256410256410248,-1.0,-8.961538461538453,-7.4307692307692434,2.427350427350426,0.6948717948717951,0.1769230769230769,-4.0,0.0,-0.0153846153846154,0.0,-1.0,-1.0,-4.0,-4.0,0.0,-1.0,0.0,0.0,0.0,0.0,0.0,0.0,0.0,0.0,0.0,0.0,0.0
-12.0,-4.0,14.643,14.590000000000003,-2.3333333333333286,-0.4199999999999999,-0.1300000000000001,-5.0,0.0,-0.02,0.0,-40.0,-13.0,-5.0,-5.0,0.0,-4.0,-3.0,-2.0,-1.0,0.0,0.0,-1.0,0.0,0.0,0.0,0.0,0.0
-14.494949494949497,-4.0,6.675505050505024,9.35101010101009,-5.673400673400671,0.2525252525252526,0.1161616161616163,-15.0,0.0,0.0959595959595959,0.0,-75.0,-22.0,-15.0,-11.0,0.0,-4.0,-1.0,-7.0,0.0,0.0,-2.0,0.0,0.0,0.0,-1.0,0.0,0.0
-0.1805555555555571,0.0,-2.0733333333333235,-1.0666666666666629,1.6759259259259238,0.2604166666666669,0.0833333333333332,-4.0,0.0,0.0659722222222222,0.0,-12.0,-4.0,-4.0,-1.0,0.0,0.0,0.0,0.0,0.0,0.0,0.0,-1.0,0.0,0.0,-1.0,0.0,0.0
-7.872180451127818,-3.0,8.58161654135337,9.83872180451128,-5.75689223057644,0.1710526315789478,0.0075187969924812,-9.0,0.0,-0.0150375939849624,0.0,-44.0,-14.0,-9.0,-8.0,0.0,-3.0,-1.0,-4.0,0.0,0.0,0.0,-2.0,0.0,0.0,-2.0,0.0,0.0
-7.443181818181813,-1.0,16.213636363636354,17.10227272727272,-1.628787878787879,0.1448863636363633,-0.0823863636363635,-10.0,0.0,0.065340909090909,0.0,-39.0,-14.0,-10.0,-7.0,0.0,-1.0,0.0,-1.0,0.0,0.0,0.0,-4.0,-2.0,0.0,-1.0,0.0,0.0
4.642857142857146,3.0,-4.892857142857139,-6.642857142857139,-0.6349206349206327,-0.2380952380952381,-0.0714285714285716,10.0,0.0,0.0178571428571429,0.0,-30.0,-10.0,-4.0,-3.0,-1.0,-3.0,-3.0,-3.0,0.0,0.0,0.0,-1.0,0.0,0.0,0.0,0.0,0.0
-14.432748538011694,-3.0,13.28491228070176,13.971929824561414,-4.8758934372969485,-0.1598440545808968,-0.0701754385964912,-8.0,0.0,0.0428849902534113,0.0,-38.0,-12.0,-8.0,-6.0,0.0,-3.0,0.0,-3.0,1.0,0.0,0.0,-3.0,-1.0,0.0,0.0,-1.0,0.0
-12.393665158371036,-3.0,11.133190045248869,12.196153846153848,-1.4917043740573137,-0.1357466063348411,-0.0271493212669684,-9.0,0.0,0.0769230769230768,0.0,-48.0,-15.0,-9.0,-7.0,0.0,-3.0,-1.0,-1.0,0.0,0.0,0.0,-1.0,0.0,-1.0,-2.0,0.0,0.0
-0.318181818181813,-1.0,2.744545454545431,3.809090909090912,-1.2424242424242422,0.2386363636363633,0.0454545454545454,-6.0,0.0,0.1363636363636363,0.0,-24.0,-8.0,-6.0,-3.0,0.0,-1.0,0.0,-2.0,-1.0,0.0,0.0,-3.0,-1.0,0.0,1.0,0.0,0.0
-10.991452991452997,-3.0,2.772991452991434,4.259829059829087,-3.236467236467238,0.0213675213675212,0.0726495726495726,-8.0,0.0,-0.0341880341880342,0.0,-43.0,-11.0,-8.0,-8.0,0.0,-3.0,-1.0,-2.0,-2.0,0.0,1.0,-2.0,-1.0,0.0,0.0,-1.0,0.0
14.285714285714285,2.0,-23.65714285714286,-21.85714285714286,-9.523809523809526,1.3571428571428568,0.3214285714285716,0.0,0.0,0.2857142857142857,-1.0,-37.0,-16.0,-14.0,-6.0,-1.0,-1.0,-1.0,-7.0,0.0,0.0,-1.0,-1.0,-1.0,0.0,0.0,1.0,0.0
12.177944862155384,4.666666666666666,-16.359110275689233,-16.741478696741865,-3.96073517126149,0.2105263157894734,0.1165413533834587,7.666666666666667,0.0,0.0,-0.6666666666666666,-31.0,-11.0,-5.0,-5.0,-2.0,-2.0,-2.0,-4.0,0.0,0.0,1.0,-1.0,-1.0,0.0,0.0,0.0,0.0
-2.6666666666666643,-1.0,3.636666666666642,4.633333333333326,-3.1111111111111107,-0.1166666666666662,0.0333333333333334,-6.0,0.0,-0.0333333333333333,0.0,-33.0,-9.0,-6.0,-6.0,0.0,-1.0,0.0,-2.0,0.0,0.0,0.0,0.0,0.0,0.0,-2.0,0.0,0.0
1.5555555555555571,-1.0,-5.286031746031767,-4.034920634920638,9.777777777777771,0.6031746031746037,0.1269841269841272,-4.0,0.0,0.0396825396825397,0.0,-16.0,-6.0,-4.0,-3.0,0.0,-1.0,0.0,1.0,-1.0,0.0,0.0,0.0,0.0,0.0,-1.0,0.0,0.0
-2.333333333333336,-1.0,-8.206666666666663,-6.7333333333333485,5.888888888888889,0.4666666666666668,0.1666666666666667,-4.0,0.0,-0.025,0.0,-10.0,-3.0,-4.0,-4.0,0.0,-1.0,1.0,1.0,0.0,0.0,0.0,0.0,0.0,-1.0,0.0,0.0,0.0
-4.333333333333329,-1.0,1.1833333333333087,2.3666666666666742,2.4444444444444464,0.2166666666666667,0.0666666666666666,-6.0,0.0,0.0499999999999999,0.0,-22.0,-7.0,-6.0,-4.0,0.0,-1.0,0.0,0.0,0.0,0.0,0.0,-2.0,0.0,0.0,-1.0,0.0,0.0
-7.76021080368907,-1.0,12.283333333333331,13.47101449275361,0.1800614844093111,-0.0974967061923584,-0.0289855072463767,-10.0,0.0,0.0342555994729907,0.0,-48.0,-14.0,-10.0,-8.0,0.0,-1.0,-1.0,0.0,-1.0,0.0,0.0,-1.0,0.0,0.0,0.0,0.0,0.0
-2.315904139433542,-1.0,2.4548910675381137,3.753703703703693,0.2084241103848931,0.3028322440087141,0.0631808278867103,-7.0,0.0,0.0577342047930283,0.0,-26.0,-9.0,-7.0,-4.0,0.0,-1.0,0.0,0.0,0.0,0.0,0.0,-1.0,0.0,0.0,-1.0,0.0,0.0
1.826086956521749,0.0,-10.00200000000001,-8.816521739130437,4.086956521739133,0.3808695652173917,0.1634782608695655,-2.0,0.0,-0.0139130434782608,0.0,-3.0,0.0,-2.0,-2.0,0.0,0.0,1.0,1.0,1.0,0.0,0.0,0.0,0.0,0.0,0.0,0.0,0.0
-10.072463768115938,-2.0,21.25277777777777,20.69685990338165,-7.94685990338164,-0.5217391304347823,-0.2198067632850242,-5.0,0.0,-0.0483091787439613,0.0,-32.0,-12.0,-5.0,-5.0,0.0,-2.0,-2.0,-3.0,0.0,0.0,0.0,-1.0,0.0,0.0,0.0,0.0,0.0
0.0822510822510835,0.0,-0.4187662337662488,-0.1746753246753059,0.3881673881673926,0.0367965367965368,0.0194805194805194,-1.0,0.0,-0.0064935064935065,0.0,-4.0,-1.0,-1.0,-1.0,0.0,0.0,0.0,0.0,-1.0,0.0,0.0,1.0,0.0,0.0,1.0,0.0,0.0
-21.31127450980392,-7.333333333333334,20.70686274509804,24.083333333333343,-6.55228758169935,0.1985294117647056,0.0404411764705883,-23.333333333333336,0.0,0.056985294117647,0.0,-4.0,-2.0,-2.0,0.0,2.0,0.0,0.0,0.0,0.0,0.0,-2.0,0.0,0.0,0.0,0.0,1.0,0.0
-9.0,-2.0,2.8669999999999902,3.7099999999999937,1.666666666666668,-0.0699999999999994,0.03,-5.0,0.0,0.1499999999999999,0.0,-24.0,-6.0,-5.0,-1.0,0.0,-2.0,0.0,1.0,0.0,0.0,0.0,0.0,0.0,0.0,0.0,0.0,0.0
2.5108695652173907,0.0,10.104999999999976,10.821739130434764,-5.0507246376811565,0.0135869565217392,-0.0407608695652172,-7.0,0.0,0.0679347826086956,0.0,-36.0,-11.0,-7.0,-5.0,0.0,0.0,-2.0,-4.0,-1.0,0.0,0.0,0.0,0.0,0.0,-1.0,0.0,0.0
-13.560794044665016,-4.0,13.019416873449131,13.089950372208436,-2.245657568238208,-0.5471464019851116,-0.1079404466501239,-5.0,0.0,-0.0310173697270471,0.0,-41.0,-12.0,-5.0,-5.0,0.0,-4.0,-3.0,-2.0,0.0,0.0,0.0,1.0,-2.0,0.0,0.0,0.0,0.0
-4.151515151515149,-0.8333333333333335,1.6992424242424278,2.0651515151514985,-9.262626262626258,0.0636363636363634,0.0090909090909092,-2.333333333333333,0.0,0.0454545454545454,-0.6666666666666666,-55.0,-19.0,-12.0,-11.0,-1.0,-4.0,-2.0,-4.0,0.0,0.0,0.0,-1.0,0.0,0.0,-1.0,0.0,0.0
-3.2318840579710155,-1.0,2.518333333333331,3.812318840579721,5.299516908212553,0.3478260869565215,0.0623188405797101,-7.0,0.0,0.0797101449275361,0.0,-27.0,-10.0,-7.0,-4.0,0.0,-1.0,-1.0,1.0,0.0,0.0,0.0,-3.0,-1.0,0.0,-1.0,0.0,1.0
0.1083743842364555,0.0,-0.797807881773366,-0.5248768472906278,-2.221674876847296,0.1453201970443354,0.024630541871921,-1.0,0.0,0.0332512315270936,0.0,-1.0,-1.0,-1.0,0.0,0.0,0.0,0.0,-1.0,0.0,0.0,0.0,-1.0,0.0,0.0,1.0,0.0,0.0
0.0869565217391254,0.0,-3.7299999999999898,-3.0217391304347814,3.391304347826086,0.241739130434782,0.0782608695652173,-2.0,0.0,-0.0104347826086956,0.0,-3.0,-1.0,-2.0,-2.0,0.0,0.0,1.0,1.0,0.0,0.0,0.0,-1.0,0.0,0.0,0.0,0.0,0.0
-3.309178743961347,-1.0,3.47499999999998,4.271739130434781,-4.243156199677937,0.1062801932367154,0.0217391304347827,-5.0,0.0,-0.0241545893719806,0.0,-22.0,-7.0,-5.0,-5.0,0.0,-1.0,-1.0,-2.0,0.0,0.0,0.0,0.0,-1.0,0.0,0.0,0.0,0.0
-0.0740740740740761,0.0,-7.808962962962965,-7.639259259259276,4.02469135802469,0.0874074074074071,0.0785185185185186,2.0,0.0,0.0888888888888888,0.0,11.0,5.0,2.0,4.0,0.0,0.0,1.0,2.0,1.0,0.0,0.0,1.0,0.0,0.0,1.0,0.0,0.0
0.5809018567639228,0.0,1.190358090185697,1.736472148541111,0.8567639257294388,0.0915119363395229,0.0251989389920423,-3.0,0.0,-0.0424403183023872,0.0,-12.0,-4.0,-3.0,-4.0,0.0,0.0,0.0,0.0,0.0,0.0,1.0,0.0,0.0,-1.0,0.0,0.0,0.0
0.0,0.0,0.0,0.0,0.0,-0.0769230769230766,0.0,0.0,0.0,-0.0384615384615384,0.0,-2.0,0.0,0.0,-1.0,0.0,0.0,0.0,0.0,-1.0,0.0,0.0,0.0,0.0,0.0,0.0,0.0,0.0
-14.854679802955658,-5.5,15.787229064039394,17.45110837438422,-2.857963875205254,-0.2635467980295569,-0.0283251231527092,-13.5,0.0,-0.0295566502463053,0.0,-2.0,1.0,1.0,0.0,1.0,0.0,0.0,1.0,0.0,0.0,0.0,-1.0,0.0,0.0,0.0,1.0,0.0
-1.5277777777777786,0.0,-6.595370370370389,-5.032407407407419,3.5030864197530853,0.4456018518518521,0.1585648148148148,-5.0,0.0,0.0393518518518518,0.0,-10.0,-4.0,-5.0,-3.0,0.0,0.0,0.0,1.0,-1.0,0.0,-1.0,0.0,-1.0,0.0,-2.0,0.0,0.0
-0.3416149068323051,0.0,0.8464285714285467,1.8431677018633508,-1.4596273291925463,0.3975155279503104,0.0574534161490685,-5.0,0.0,0.0916149068322981,0.0,-13.0,-6.0,-5.0,-2.0,0.0,0.0,0.0,-1.0,0.0,0.0,0.0,-2.0,0.0,0.0,-1.0,0.0,0.0
7.850877192982466,2.0,-11.208333333333345,-11.416666666666655,1.228070175438596,0.1293859649122808,0.0833333333333332,5.0,0.0,0.1162280701754386,0.0,-68.0,-19.0,-14.0,-9.0,-1.0,-3.0,-1.0,-2.0,0.0,0.0,1.0,-3.0,-1.0,0.0,-4.0,-1.0,0.0
-0.0238095238095183,0.0,4.359285714285747,4.664285714285711,0.9841269841269842,0.0476190476190474,-0.017857142857143,-3.0,0.0,0.0297619047619047,0.0,-13.0,-5.0,-3.0,-2.0,0.0,0.0,0.0,0.0,0.0,0.0,1.0,0.0,0.0,0.0,0.0,0.0,0.0
0.4824561403508767,0.0,-2.1881578947368183,-0.9605263157894656,1.988304093567248,0.1754385964912277,0.0986842105263157,-5.0,0.0,0.0,0.0,-20.0,-5.0,-5.0,-5.0,0.0,0.0,0.0,0.0,-1.0,0.0,-1.0,0.0,0.0,0.0,-1.0,0.0,0.0
1.205882352941174,0.0,-3.0438235294117817,-2.5999999999999943,-3.029411764705884,0.069852941176471,0.0551470588235294,-1.0,0.0,-0.0036764705882352,0.0,-5.0,-1.0,-1.0,-1.0,0.0,0.0,0.0,-1.0,0.0,0.0,0.0,-1.0,0.0,0.0,1.0,0.0,0.0
2.090909090909093,0.0,1.0263636363636266,1.3727272727273032,1.1515151515151525,0.1363636363636367,0.0136363636363634,-2.0,0.0,-0.0636363636363636,0.0,-7.0,-3.0,-2.0,-3.0,0.0,0.0,-1.0,0.0,-1.0,0.0,0.0,-1.0,0.0,0.0,0.0,0.0,0.0
-0.0118577075098826,0.0,2.615000000000024,2.628260869565196,-2.7048748353096173,-0.0790513833992099,-0.0217391304347827,-1.0,0.0,-0.0059288537549406,0.0,-6.0,-2.0,-1.0,-1.0,0.0,0.0,0.0,-1.0,0.0,0.0,0.0,0.0,0.0,0.0,0.0,0.0,0.0
11.023809523809526,1.5,-10.284404761904767,-9.820238095238125,2.087301587301587,0.0833333333333339,0.119047619047619,1.5,0.0,0.0119047619047618,0.0,-38.0,-11.0,-9.0,-8.0,-1.0,-1.0,-1.0,-1.0,-1.0,0.0,0.0,-2.0,0.0,0.0,-1.0,0.0,0.0
-2.238095238095241,-2.0,5.352619047619044,6.430952380952391,5.603174603174601,0.0,0.0238095238095237,-7.0,0.0,0.0952380952380952,0.0,-36.0,-10.0,-7.0,-5.0,0.0,-2.0,-1.0,0.0,0.0,0.0,0.0,-2.0,-1.0,0.0,0.0,1.0,0.0
-1.5925925925925952,0.0,6.40907407407407,7.831481481481518,-0.5308641975308639,0.5555555555555562,0.0370370370370369,-9.0,0.0,0.037037037037037,0.0,-29.0,-12.0,-9.0,-8.0,0.0,0.0,0.0,-1.0,1.0,0.0,0.0,0.0,-1.0,0.0,-1.0,0.0,0.0
8.388888888888886,2.5,-13.43316666666668,-13.578333333333331,-0.3888888888888893,0.3977777777777778,0.1066666666666666,5.5,0.0,0.0644444444444444,0.0,-27.0,-9.0,-7.0,-5.0,-1.0,-2.0,-1.0,-2.0,0.0,0.0,1.0,-4.0,0.0,0.0,-1.0,0.0,0.0
3.823529411764703,-1.0,0.0240196078431438,1.0833333333333428,2.5816993464052302,0.5196078431372548,0.0686274509803921,-5.0,0.0,-0.0245098039215686,0.0,-22.0,-8.0,-5.0,-5.0,0.0,-1.0,-1.0,-1.0,0.0,0.0,0.0,-1.0,0.0,0.0,-1.0,0.0,0.0
0.3071895424836626,0.0,-0.6686601307189477,-0.4055555555555798,0.102396514161219,0.0392156862745096,0.0228758169934641,-1.0,0.0,-0.0032679738562091,0.0,-4.0,-1.0,-1.0,-1.0,0.0,0.0,0.0,0.0,0.0,0.0,0.0,0.0,0.0,0.0,-1.0,0.0,0.0
1.7619047619047663,0.0,2.460873015873005,2.910317460317472,0.5873015873015852,0.1666666666666669,0.0079365079365079,-3.0,0.0,-0.0158730158730159,0.0,-12.0,-4.0,-3.0,-3.0,0.0,0.0,0.0,0.0,0.0,0.0,0.0,-1.0,0.0,0.0,0.0,0.0,0.0
-8.524886877828052,-2.0,5.059095022624433,5.523076923076943,-3.143288084464558,-0.2986425339366514,-0.0135746606334841,-4.0,0.0,0.0,0.0,-26.0,-7.0,-4.0,-4.0,0.0,-2.0,-1.0,-2.0,0.0,0.0,0.0,-1.0,-1.0,0.0,-1.0,0.0,0.0
5.0,1.0,-14.720000000000011,-13.600000000000025,3.333333333333336,0.4000000000000003,0.2000000000000001,0.0,0.0,0.0,0.0,8.0,4.0,0.0,0.0,0.0,1.0,1.0,1.0,0.0,0.0,0.0,0.0,0.0,0.0,0.0,0.0,0.0
-5.882352941176464,-1.0,21.64705882352941,20.0,-7.84313725490196,-0.4117647058823523,-0.2941176470588236,0.0,0.0,0.0,0.0,-7.0,-5.0,0.0,0.0,0.0,-1.0,-1.0,-2.0,0.0,0.0,0.0,0.0,-1.0,0.0,0.0,0.0,0.0
0.0,0.0,-3.345454545454544,-3.09090909090908,3.030303030303028,-0.1818181818181816,0.0454545454545454,0.0,0.0,0.0,0.0,-4.0,1.0,0.0,0.0,0.0,0.0,1.0,1.0,0.0,0.0,0.0,0.0,0.0,0.0,0.0,0.0,0.0
0.0,0.0,0.0,0.0,0.0,-0.0909090909090908,0.0,0.0,0.0,0.0,0.0,-2.0,0.0,0.0,0.0,0.0,0.0,0.0,0.0,0.0,0.0,0.0,-1.0,0.0,0.0,0.0,0.0,0.0
-4.463203463203463,-1.0,-0.4187662337662488,-0.1746753246753059,3.5627705627705666,-0.2987012987012987,0.0194805194805194,-1.0,0.0,0.0454545454545454,0.0,-11.0,-1.0,-1.0,0.0,0.0,-1.0,-1.0,1.0,0.0,0.0,0.0,0.0,-1.0,0.0,0.0,0.0,0.0
-13.304347826086955,-3.0,15.47,14.717391304347814,-8.202898550724637,-0.5999999999999996,-0.1826086956521737,-2.0,0.0,-0.0139130434782608,0.0,-23.0,-7.0,-2.0,-2.0,0.0,-3.0,-2.0,-3.0,0.0,0.0,0.0,0.0,-3.0,0.0,1.0,0.0,0.0
7.692307692307686,1.0,-5.661538461538441,-5.230769230769198,-5.128205128205128,0.3076923076923075,0.0769230769230766,0.0,0.0,0.0,0.0,4.0,1.0,0.0,0.0,0.0,1.0,0.0,-1.0,0.0,0.0,0.0,0.0,0.0,0.0,0.0,0.0,0.0
2.8611111111111143,0.0,-3.592222222222219,-2.89444444444446,1.6481481481481453,0.4166666666666669,0.0763888888888888,-2.0,0.0,0.0,0.0,-4.0,-2.0,-2.0,-2.0,0.0,0.0,0.0,0.0,0.0,0.0,0.0,0.0,0.0,0.0,-2.0,0.0,0.0
-11.845238095238097,-3.0,2.446428571428555,3.3214285714285694,-0.873015873015877,-0.208333333333333,0.0357142857142858,-5.0,0.0,-0.0297619047619047,0.0,-30.0,-8.0,-5.0,-5.0,0.0,-3.0,0.0,-1.0,0.0,0.0,1.0,-2.0,-1.0,0.0,0.0,0.0,0.0
-8.211180124223603,-2.0,4.7728571428571485,4.834161490683215,1.2657004830917842,-0.316770186335404,-0.0372670807453416,-2.0,0.0,0.0,0.0,-17.0,-4.0,-2.0,-2.0,0.0,-2.0,0.0,0.0,-1.0,0.0,1.0,0.0,0.0,0.0,0.0,0.0,0.0
-14.82142857142857,-3.0,6.827380952380935,7.36904761904762,-0.873015873015877,-0.1815476190476186,-0.0238095238095237,-5.0,0.0,-0.0148809523809523,0.0,-26.0,-8.0,-5.0,-5.0,0.0,-3.0,-1.0,-1.0,-1.0,-1.0,0.0,-1.0,0.0,0.0,0.0,-1.0,0.0
2.3333333333333286,-1.0,6.090000000000003,6.899999999999977,-3.851851851851855,0.3055555555555562,0.0,-6.0,0.0,0.0555555555555555,0.0,-24.0,-9.0,-6.0,-5.0,0.0,-1.0,0.0,-2.0,0.0,0.0,0.0,-1.0,0.0,0.0,-1.0,0.0,0.0
-14.594405594405591,-4.0,27.663671328671327,27.46888111888116,-5.797202797202793,-0.4335664335664333,-0.2517482517482519,-9.0,0.0,0.0909090909090909,0.0,-49.0,-18.0,-9.0,-7.0,0.0,-4.0,-5.0,-3.0,0.0,0.0,0.0,-2.0,-1.0,-1.0,-1.0,0.0,0.0
0.1695906432748515,0.0,7.040730994152042,6.717251461988326,-3.257309941520468,0.2456140350877191,-0.0818713450292398,-1.0,0.0,-0.0555555555555555,0.0,0.0,-3.0,-1.0,-2.0,0.0,0.0,0.0,-1.0,0.0,0.0,0.0,2.0,0.0,0.0,0.0,0.0,0.0
3.357142857142854,0.0,-5.855714285714299,-4.98571428571428,2.904761904761901,0.4553571428571432,0.1071428571428572,-2.0,0.0,0.0,0.0,-5.0,-2.0,-2.0,-2.0,0.0,0.0,0.0,0.0,-1.0,0.0,0.0,-1.0,0.0,0.0,0.0,0.0,0.0
-0.8325791855203661,-1.0,-3.5997285067873293,-2.476923076923057,-2.8416289592760187,0.0542986425339364,0.1040723981900453,-4.0,0.0,0.0,0.0,-20.0,-5.0,-4.0,-4.0,0.0,-1.0,0.0,-1.0,0.0,0.0,0.0,-1.0,-1.0,0.0,-1.0,0.0,0.0
-13.27777777777778,-2.5,10.162055555555582,10.556111111111107,-2.8703703703703702,-0.7288888888888891,-0.0622222222222224,-5.5,0.0,-0.0266666666666666,0.0,16.0,7.0,7.0,4.0,1.0,0.0,0.0,0.0,0.0,0.0,1.0,0.0,0.0,0.0,3.0,1.0,0.0
-13.952380952380956,-5.75,19.493214285714306,22.36071428571428,-1.674603174603174,0.6011904761904763,0.0178571428571427,-20.5,0.0,0.0952380952380952,0.0,-37.0,-16.0,-10.0,-7.0,3.0,-2.0,-3.0,-1.0,-1.0,0.0,0.0,-3.0,-2.0,0.0,-2.0,0.0,0.0
-14.65297906602254,-4.0,17.701759259259276,18.371054750402564,-4.884326355340848,-0.3961352657004831,-0.1095008051529791,-9.5,0.0,-0.0112721417069243,0.0,10.0,4.0,4.0,3.0,1.0,0.0,0.0,0.0,0.0,0.0,0.0,1.0,0.0,0.0,0.0,1.0,0.0
-14.07692307692308,-3.0,17.015256410256413,18.055128205128227,-10.162393162393164,-0.2230769230769231,-0.0794871794871796,-11.0,0.0,0.0487179487179487,0.0,-52.0,-16.0,-11.0,-9.0,0.0,-3.0,-1.0,-4.0,0.0,0.0,0.0,-3.0,0.0,0.0,-1.0,0.0,0.0
6.991452991452995,1.5,4.432307692307688,3.2461538461538595,7.03133903133903,-0.1196581196581201,-0.1153846153846154,4.0,0.0,0.1111111111111111,0.0,-26.0,-9.0,-5.0,-3.0,-1.0,-1.0,-1.0,0.0,0.0,0.0,0.0,-2.0,0.0,0.0,-1.0,1.0,0.0
-9.06060606060606,-3.0,8.8837878787879,11.674242424242436,2.131313131313135,0.3954545454545455,0.1045454545454545,-16.333333333333332,0.0,0.009090909090909,0.3333333333333333,-33.0,-11.0,-9.0,-8.0,2.0,-1.0,-1.0,-1.0,-2.0,0.0,0.0,0.0,0.0,0.0,-2.0,0.0,0.0
-0.1363636363636331,1.0,3.138409090909107,2.1568181818181813,-2.8737373737373737,0.2424242424242422,-0.0909090909090908,3.5,0.0,0.0,0.0,-20.0,-9.0,-4.0,-4.0,-1.0,-2.0,-2.0,-2.0,0.0,0.0,0.0,0.0,-1.0,0.0,0.0,0.0,0.0
-5.047619047619051,-1.0,8.19285714285715,8.842857142857156,-3.9047619047619015,0.0380952380952388,-0.0285714285714286,-6.0,0.0,0.0952380952380952,0.0,-24.0,-9.0,-6.0,-4.0,0.0,-1.0,-1.0,-3.0,0.0,0.0,0.0,0.0,-1.0,0.0,-1.0,0.0,0.0
-3.7037037037037024,-1.0,0.0,0.0,-2.469135802469136,-0.1481481481481479,0.0,0.0,0.0,-0.037037037037037,0.0,-4.0,0.0,0.0,-1.0,0.0,-1.0,0.0,-1.0,-1.0,0.0,0.0,0.0,0.0,0.0,0.0,1.0,0.0
-4.521008403361343,-0.5,8.421036414565819,8.204761904761881,0.0802987861811388,-0.0700280112044819,-0.0868347338935573,-2.0,0.0,0.0840336134453781,0.0,-17.0,-7.0,-4.0,-2.0,0.0,-1.0,-1.0,0.0,0.0,0.0,-1.0,0.0,0.0,0.0,-1.0,0.0,0.0
-1.5465587044534317,-1.0,9.36773279352228,9.928340080971664,-5.778677462887991,0.0728744939271255,-0.0445344129554656,-6.0,0.0,0.1052631578947368,0.0,-30.0,-11.0,-6.0,-4.0,0.0,-1.0,-1.0,-2.0,0.0,0.0,0.0,-2.0,-1.0,0.0,-1.0,0.0,0.0
4.597285067873315,-1.0,-1.9345701357466112,-0.9384615384615244,6.208144796380093,0.6832579185520364,0.0814479638009051,-4.0,0.0,0.0,0.0,-17.0,-6.0,-4.0,-4.0,0.0,-1.0,-1.0,1.0,0.0,-1.0,0.0,-1.0,0.0,0.0,0.0,0.0,0.0
6.75,0.0,-14.1057142857143,-10.485714285714309,0.7619047619047663,0.9642857142857144,0.3571428571428572,-12.0,0.0,0.2142857142857143,0.0,-33.0,-11.0,-12.0,-6.0,0.0,0.0,2.0,-4.0,0.0,0.0,1.0,-2.0,0.0,-2.0,0.0,0.0,0.0
-9.058823529411768,-2.0,10.40019607843135,10.033333333333331,-2.4967320261437926,-0.4078431372549023,-0.1137254901960782,-2.0,0.0,0.0,0.0,-18.0,-5.0,-2.0,-2.0,0.0,-2.0,-1.0,-1.0,0.0,0.0,0.0,0.0,-1.0,0.0,0.0,0.0,0.0
-7.505050505050505,-2.0,17.141363636363664,17.322727272727263,2.3804713804713806,-0.6212121212121211,-0.1363636363636364,-7.0,0.0,0.0555555555555555,0.0,-43.0,-12.0,-7.0,-6.0,0.0,-2.0,0.0,0.0,0.0,0.0,0.0,0.0,-1.0,0.0,0.0,0.0,0.0
-4.272727272727273,-1.0,-4.660909090909115,-3.8818181818181614,0.2424242424242422,0.1227272727272721,0.0909090909090908,-2.0,0.0,0.0318181818181817,0.0,-6.0,-1.0,-2.0,-1.0,0.0,-1.0,0.0,0.0,-1.0,0.0,0.0,-1.0,0.0,0.0,0.0,0.0,0.0
-8.39473684210526,-4.0,7.558552631578976,9.21184210526316,-2.798245614035089,0.3526315789473679,0.0421052631578946,-10.5,0.0,0.15,0.0,1.0,-1.0,-1.0,2.0,1.0,0.0,0.0,0.0,1.0,0.0,-1.0,-2.0,0.0,0.0,0.0,1.0,0.0
7.0,0.0,-9.221666666666664,-7.883333333333326,4.555555555555557,0.7666666666666666,0.1666666666666665,-3.0,0.0,0.0,0.0,-8.0,-3.0,-3.0,-3.0,0.0,0.0,0.0,0.0,-1.0,0.0,-1.0,-1.0,0.0,0.0,0.0,-1.0,0.0
-8.142857142857146,-3.0,3.46142857142857,4.471428571428575,-2.0,-0.1357142857142852,0.0357142857142858,-6.0,0.0,0.0,0.0,-34.0,-10.0,-6.0,-6.0,0.0,-3.0,-1.0,-3.0,0.0,0.0,0.0,-2.0,-1.0,0.0,0.0,0.0,0.0
-11.0,-2.0,7.930000000000007,8.599999999999994,-5.333333333333329,-0.1375000000000001,-0.0249999999999999,-6.0,0.0,0.1875,0.0,-34.0,-10.0,-6.0,-3.0,0.0,-2.0,-1.0,-2.0,0.0,0.0,0.0,0.0,0.0,0.0,-2.0,0.0,0.0
0.2727272727272734,0.0,6.658090909090916,6.788181818181812,-2.212121212121211,-0.3563636363636364,-0.049090909090909,-3.0,0.0,0.0799999999999999,0.0,-22.0,-6.0,-3.0,-1.0,0.0,0.0,-1.0,-1.0,-1.0,0.0,0.0,-2.0,-1.0,0.0,-2.0,0.0,0.0
-14.833333333333332,-2.0,29.067166666666665,27.598333333333343,-8.722222222222225,-0.7377777777777776,-0.3466666666666667,-3.5,0.0,-0.0311111111111112,0.0,-48.0,-18.0,-7.0,-7.0,0.0,-4.0,-3.0,-4.0,0.0,0.0,0.0,0.0,-2.0,0.0,0.0,0.0,0.0
-15.096866096866094,-4.0,11.35650997150995,10.280199430199431,-7.643874643874646,-0.4358974358974361,-0.168091168091168,1.0,0.0,0.0056980056980057,0.0,-7.0,-3.0,1.0,1.0,0.0,-4.0,-1.0,-3.0,0.0,0.0,0.0,4.0,0.0,0.0,0.0,0.0,0.0
0.0175438596491304,-1.0,-13.8774561403509,-11.33596491228073,-8.766081871345026,0.6140350877192988,0.2850877192982457,-7.0,0.0,0.0526315789473684,0.0,-28.0,-8.0,-7.0,-6.0,0.0,-1.0,-1.0,-3.0,1.0,0.0,0.0,-3.0,0.0,0.0,-1.0,0.0,0.0
1.9342105263157947,0.0,-6.397105263157897,-5.273684210526341,2.2894736842105274,0.4440789473684212,0.1282894736842106,-3.0,0.0,0.0,0.0,-9.0,-3.0,-3.0,-3.0,0.0,0.0,0.0,0.0,-1.0,0.0,0.0,0.0,0.0,0.0,0.0,0.0,0.0
0.1857707509881478,0.0,2.4695454545454822,2.49387351778654,-2.7048748353096173,-0.1324110671936762,-0.0197628458498024,-1.0,0.0,-0.0039525691699604,0.0,-7.0,-2.0,-1.0,-1.0,0.0,0.0,0.0,-1.0,-1.0,0.0,0.0,0.0,1.0,0.0,-1.0,0.0,0.0
4.333333333333336,0.0,-0.0529999999999972,2.7099999999999937,1.6666666666666643,0.8999999999999999,0.1799999999999999,-13.0,0.0,0.12,0.0,-36.0,-15.0,-13.0,-10.0,0.0,0.0,0.0,-1.0,0.0,0.0,-1.0,-1.0,-1.0,0.0,-2.0,1.0,0.0
-0.8148148148148167,0.0,-3.146111111111111,-0.5722222222222086,3.2777777777777786,0.6157407407407405,0.1944444444444444,-11.0,0.0,0.1111111111111111,0.0,-37.0,-14.0,-11.0,-8.0,0.0,0.0,-2.0,-2.0,-1.0,0.0,0.0,-3.0,0.0,0.0,-2.0,0.0,0.0
-4.557312252964422,-1.0,5.815000000000026,5.584782608695633,-2.573122529644269,-0.0138339920948622,-0.0652173913043479,-1.0,0.0,0.0,0.0,-5.0,-3.0,-1.0,-1.0,0.0,-1.0,0.0,-1.0,0.0,0.0,0.0,1.0,0.0,0.0,0.0,0.0,0.0
-10.233716475095786,-1.0,1.8592528735632072,4.052298850574729,2.8467432950191576,0.3946360153256707,0.1264367816091953,-11.0,0.0,0.0268199233716475,0.0,-35.0,-11.0,-11.0,-9.0,0.0,-1.0,0.0,1.0,0.0,0.0,-2.0,-1.0,0.0,0.0,-1.0,0.0,0.0
0.8382352941176521,0.0,-1.1497058823529471,-0.8499999999999943,0.4019607843137258,-0.0477941176470588,0.0294117647058822,-1.0,0.0,0.0,0.0,-6.0,-1.0,-1.0,-1.0,0.0,0.0,-1.0,0.0,0.0,0.0,0.0,-1.0,-1.0,0.0,-1.0,0.0,0.0
8.166666666666664,1.0,1.9350000000000025,2.0,0.2222222222222232,-0.0083333333333337,-0.0124999999999999,-1.0,0.0,-0.0666666666666666,0.0,-5.0,-2.0,-1.0,-2.0,0.0,1.0,0.0,0.0,0.0,0.0,0.0,0.0,0.0,0.0,0.0,1.0,0.0
-3.181818181818187,-1.0,-0.8357272727272687,-0.1354545454545643,2.2727272727272734,0.1363636363636367,0.0527272727272727,-3.0,0.0,0.0345454545454545,0.0,-12.0,-4.0,-3.0,-2.0,0.0,-1.0,0.0,0.0,0.0,0.0,0.0,0.0,0.0,0.0,-1.0,0.0,0.0
-11.209486166007904,-2.0,9.99818181818182,11.784189723320123,-3.2094861660079026,-0.0217391304347822,0.0296442687747036,-12.0,0.0,-0.0039525691699604,0.0,-5.0,-1.0,-1.0,-1.0,1.0,0.0,0.0,0.0,-1.0,0.0,0.0,-1.0,0.0,0.0,0.0,0.0,0.0
-0.002849002849004,0.0,-0.767336182336166,-0.4967236467236375,2.705603038936374,-0.0569800569800564,0.0242165242165242,-1.0,0.0,-0.0042735042735042,0.0,-6.0,-1.0,-1.0,-1.0,0.0,0.0,0.0,1.0,-1.0,0.0,0.0,-1.0,0.0,0.0,0.0,-1.0,0.0
-0.0238095238095183,0.0,-0.4597619047618906,0.2119047619047478,-2.1904761904761934,0.3452380952380949,0.0476190476190476,-3.0,0.0,-0.005952380952381,0.0,-6.0,-3.0,-3.0,-3.0,0.0,0.0,1.0,-1.0,0.0,0.0,0.0,0.0,0.0,0.0,0.0,0.0,0.0
-2.352941176470587,0.0,5.69552941176471,6.959999999999994,-0.3137254901960773,0.1788235294117646,0.0329411764705882,-8.0,0.0,0.0823529411764705,0.0,-28.0,-10.0,-8.0,-5.0,0.0,0.0,0.0,-1.0,0.0,0.0,0.0,-2.0,0.0,0.0,-1.0,0.0,0.0
-14.53846153846154,-3.0,23.56807692307692,22.41153846153847,-8.692307692307693,-0.615384615384615,-0.2788461538461537,-3.0,0.0,-0.0432692307692307,0.0,-29.0,-10.0,-3.0,-3.0,0.0,-3.0,-3.0,-3.0,0.0,0.0,0.0,0.0,0.0,0.0,0.0,0.0,0.0
6.296783625730988,1.75,-7.111410818713466,-7.472295321637432,2.391325536062382,-0.0760233918128658,0.0380116959064329,4.25,0.0,0.0,0.0,-7.0,-1.0,-1.0,-1.0,-2.0,0.0,0.0,0.0,-1.0,0.0,0.0,-1.0,0.0,0.0,0.0,0.0,0.0
-6.024767801857585,-1.0,-0.7043653250774042,-0.2263157894736878,-6.4458204334365305,-0.0619195046439626,0.0371517027863776,-2.0,0.0,0.0,0.0,-10.0,-2.0,-2.0,-2.0,0.0,-1.0,0.0,-2.0,0.0,0.0,0.0,0.0,0.0,0.0,0.0,0.0,0.0
1.0075187969924857,0.0,-2.765989974937341,-2.1310776942355574,-2.1704260651629106,0.1904761904761907,0.0651629072681703,-2.0,0.0,0.037593984962406,0.0,-6.0,-2.0,-2.0,-1.0,0.0,0.0,0.0,-1.0,1.0,0.0,0.0,0.0,0.0,0.0,0.0,0.0,0.0
-5.484848484848477,-2.0,-1.816212121212132,-0.1924242424242379,0.2929292929292941,0.2212121212121207,0.1212121212121213,-7.0,0.0,-0.0424242424242423,0.0,-32.0,-9.0,-7.0,-7.0,0.0,-2.0,0.0,-1.0,0.0,0.0,0.0,-1.0,0.0,0.0,0.0,0.0,0.0
-17.047619047619047,-2.0,19.50357142857144,20.778571428571425,-4.968253968253967,-0.2619047619047618,-0.0857142857142858,-13.0,0.0,0.0357142857142857,0.0,-55.0,-18.0,-13.0,-12.0,0.0,-2.0,-1.0,-2.0,0.0,0.0,-1.0,-2.0,-1.0,-1.0,0.0,0.0,0.0
26.05847953216374,2.666666666666667,-37.13941520467834,-34.87953216374267,5.177387914230019,1.6374269005847948,0.4678362573099415,2.666666666666667,0.0,0.0467836257309941,-0.3333333333333333,-30.0,-10.0,-10.0,-8.0,-2.0,0.0,0.0,-1.0,0.0,0.0,0.0,0.0,0.0,0.0,-2.0,0.0,0.0
-3.206349206349209,-1.0,2.307619047619042,2.98095238095236,-0.2751322751322753,-0.1031746031746037,0.0238095238095239,-4.0,0.0,-0.0158730158730158,0.0,-21.0,-5.0,-4.0,-4.0,0.0,-1.0,0.0,0.0,0.0,0.0,0.0,-1.0,0.0,0.0,0.0,0.0,0.0
-8.977272727272727,-2.0,13.020454545454555,13.090909090909092,-2.045454545454545,-0.3181818181818183,-0.1079545454545454,-5.0,0.0,0.0625,0.0,-31.0,-9.0,-5.0,-4.0,0.0,-2.0,0.0,-1.0,0.0,0.0,0.0,0.0,0.0,0.0,-1.0,0.0,0.0
-11.764705882352928,-2.0,34.63529411764705,32.0,-11.764705882352942,-1.1764705882352944,-0.4705882352941175,0.0,0.0,0.0,0.0,-20.0,-8.0,0.0,0.0,0.0,-2.0,-3.0,-3.0,0.0,0.0,0.0,1.0,-1.0,0.0,0.0,0.0,0.0
4.410256410256416,1.0,-8.113589743589799,-7.071794871794879,0.6153846153846132,0.4391025641025639,0.137820512820513,-2.0,0.0,-0.0064102564102564,0.0,1.0,0.0,-2.0,-2.0,0.0,1.0,1.0,0.0,0.0,0.0,0.0,0.0,1.0,-1.0,0.0,0.0,0.0
0.0,0.0,0.0,0.0,0.0,-0.0952380952380949,0.0,0.0,0.0,0.0,0.0,-2.0,0.0,0.0,0.0,0.0,0.0,0.0,0.0,-1.0,0.0,0.0,0.0,0.0,0.0,0.0,1.0,0.0
-11.333333333333332,-2.0,11.800000000000011,12.599999999999994,-7.111111111111109,-0.3833333333333333,-0.05,-8.0,0.0,0.05,0.0,-39.0,-13.0,-8.0,-7.0,0.0,-2.0,0.0,-2.0,-1.0,0.0,0.0,-1.0,0.0,0.0,0.0,0.0,0.0
-4.61904761904762,-1.0,0.9716666666666498,2.3833333333333115,2.4285714285714306,0.3571428571428576,0.0833333333333334,-7.0,0.0,0.0,0.0,-21.0,-8.0,-7.0,-6.0,0.0,-1.0,-1.0,0.0,-1.0,0.0,0.0,0.0,0.0,-1.0,0.0,0.0,0.0
6.771929824561404,1.0,-10.513358395989982,-9.28897243107768,4.847117794486213,0.5588972431077694,0.1704260651629072,-2.0,0.0,0.0476190476190476,0.0,1.0,0.0,-2.0,-1.0,0.0,1.0,1.0,1.0,0.0,0.0,0.0,1.0,1.0,0.0,-1.0,0.0,0.0
0.1666666666666643,-1.0,-3.606666666666669,-2.4833333333333485,0.0555555555555571,0.2916666666666669,0.1041666666666667,-4.0,0.0,0.0416666666666666,0.0,-17.0,-5.0,-4.0,-3.0,0.0,-1.0,0.0,-1.0,0.0,0.0,-1.0,-2.0,0.0,0.0,0.0,0.0,0.0
1.3333333333333357,0.0,-1.2411111111111095,-0.7222222222222143,1.1851851851851904,0.177777777777778,0.0444444444444445,-2.0,0.0,0.0,0.0,-6.0,-2.0,-2.0,-2.0,0.0,0.0,0.0,0.0,-1.0,0.0,0.0,-1.0,0.0,0.0,0.0,0.0,0.0
-9.727272727272728,-2.0,10.896515151515132,11.553030303030312,-2.737373737373737,-0.1060606060606055,-0.0515151515151515,-7.0,0.0,0.0454545454545454,0.0,-35.0,-10.0,-7.0,-6.0,0.0,-2.0,0.0,-2.0,0.0,0.0,-1.0,-1.0,-1.0,0.0,-1.0,0.0,0.0
5.843137254901976,0.0,-2.8766666666666936,-2.2333333333333485,1.9477124183006536,0.1647058823529414,0.0666666666666668,-2.0,0.0,0.0,0.0,-10.0,-3.0,-2.0,-2.0,0.0,0.0,0.0,0.0,0.0,0.0,0.0,-1.0,0.0,0.0,0.0,0.0,0.0
-8.649350649350652,-3.0,10.98753246753246,11.849350649350685,-11.757575757575756,-0.0324675324675327,-0.038961038961039,-8.0,0.0,0.0,-1.0,-39.0,-14.0,-8.0,-8.0,0.0,-3.0,-2.0,-3.0,0.0,0.0,0.0,0.0,0.0,-1.0,-1.0,0.0,0.0
-9.590570719602972,-2.0,10.919168734491336,11.149503722084376,-3.486352357320097,0.0521091811414389,-0.0794044665012407,-5.0,0.0,0.0198511166253102,0.0,-18.0,-9.0,-5.0,-4.0,0.0,-2.0,-2.0,-2.0,0.0,0.0,0.0,1.0,-1.0,0.0,0.0,0.0,0.0
-10.871459694989106,-2.0,16.884640522875813,17.722222222222214,-3.914306463326071,-0.0827886710239651,-0.0915032679738561,-10.0,0.0,0.0152505446623093,0.0,-44.0,-16.0,-10.0,-9.0,0.0,-2.0,-2.0,-2.0,-2.0,0.0,0.0,0.0,-1.0,-1.0,-1.0,0.0,0.0
-6.514161220043576,-2.0,8.86721132897604,10.31481481481481,2.4763979665940425,0.3115468409586057,0.0174291938997821,-10.0,0.0,0.074074074074074,1.0,-41.0,-16.0,-10.0,-8.0,0.0,-2.0,-1.0,0.0,-1.0,0.0,0.0,-3.0,0.0,0.0,-2.0,0.0,0.0
5.151515151515149,0.0,-8.807575757575776,-6.015151515151516,6.767676767676768,0.4015151515151514,0.2575757575757575,-10.0,0.0,0.0,0.0,-42.0,-11.0,-10.0,-10.0,0.0,0.0,0.0,0.0,0.0,0.0,-1.0,-2.0,-1.0,0.0,-3.0,0.0,0.0
-8.040404040404034,-2.0,12.237777777777753,12.15555555555558,-3.353535353535353,-0.0606060606060605,-0.1111111111111111,-4.0,0.0,0.0909090909090909,0.0,-20.0,-8.0,-4.0,-2.0,0.0,-2.0,-1.0,-2.0,0.0,0.0,-1.0,1.0,1.0,0.0,-2.0,0.0,0.0
-15.294117647058826,-3.0,4.353431372549011,5.083333333333343,2.5816993464052302,-0.1078431372549024,0.0098039215686274,-5.0,0.0,0.034313725490196,0.0,-26.0,-9.0,-5.0,-4.0,0.0,-3.0,-2.0,-1.0,-1.0,0.0,0.0,0.0,0.0,0.0,-2.0,0.0,0.0
1.6666666666666643,-1.0,4.016666666666652,5.833333333333343,-6.666666666666671,0.5333333333333332,0.0833333333333332,-10.0,0.0,-0.0166666666666667,0.0,-34.0,-14.0,-10.0,-9.0,0.0,-1.0,-1.0,-3.0,-1.0,0.0,0.0,-1.0,1.0,0.0,-3.0,0.0,0.0
-3.176470588235297,-1.0,0.5868627450980313,0.9666666666666686,-1.4509803921568611,0.3803921568627455,0.019607843137255,-2.0,0.0,-0.0078431372549019,0.0,-5.0,-3.0,-2.0,-2.0,0.0,-1.0,0.0,-1.0,0.0,0.0,0.0,0.0,-1.0,0.0,0.0,1.0,0.0
4.777777777777779,1.0,0.2356666666666598,1.7033333333333474,4.481481481481481,0.4199999999999999,0.0933333333333332,-7.0,0.0,0.0244444444444443,0.0,-21.0,-7.0,-7.0,-6.0,0.0,1.0,0.0,1.0,-1.0,0.0,0.0,-2.0,-1.0,0.0,-2.0,0.0,0.0
2.363636363636367,-1.0,8.800454545454556,10.040909090909082,-0.8787878787878771,0.1636363636363631,0.0045454545454546,-9.0,0.0,-0.0409090909090908,0.0,-36.0,-13.0,-9.0,-9.0,0.0,-1.0,-1.0,-1.0,0.0,-1.0,0.0,-1.0,0.0,0.0,-1.0,0.0,0.0
-7.083333333333336,-2.0,5.732142857142847,6.357142857142861,0.1190476190476168,0.2410714285714288,-0.0089285714285713,-5.0,0.0,0.0327380952380952,0.0,-19.0,-8.0,-5.0,-4.0,0.0,-2.0,-1.0,-1.0,0.0,0.0,0.0,-2.0,-1.0,0.0,-1.0,0.0,0.0
-17.111111111111114,-4.0,4.045555555555552,5.011111111111106,-12.185185185185189,-0.4722222222222223,0.0277777777777779,-6.0,0.0,0.0,0.0,-39.0,-9.0,-6.0,-6.0,0.0,-4.0,0.0,-5.0,0.0,0.0,0.0,1.0,1.0,-1.0,-1.0,0.0,0.0
-6.84615384615384,-2.0,-0.3519230769231001,0.3115384615384187,-1.512820512820511,0.5384615384615383,0.0461538461538464,-3.0,0.0,0.0,0.0,-14.0,-6.0,-3.0,-3.0,0.0,-2.0,-1.0,-1.0,1.0,0.0,0.0,-2.0,-1.0,1.0,-1.0,0.0,0.0
-6.0,-2.0,-1.6204761904761824,-0.2238095238095212,-3.2698412698412724,0.2476190476190476,0.1047619047619048,-6.0,0.0,0.2380952380952381,0.0,-28.0,-9.0,-6.0,-1.0,0.0,-2.0,-1.0,-2.0,-2.0,0.0,1.0,-2.0,-1.0,0.0,-2.0,0.0,0.0
23.58823529411765,1.0,-43.98205882352943,-39.14999999999998,15.313725490196076,2.3764705882352946,0.6941176470588235,-7.0,0.0,0.0588235294117647,0.0,-10.0,-5.0,-7.0,-6.0,0.0,1.0,0.0,1.0,1.0,0.0,0.0,0.0,0.0,0.0,-4.0,-1.0,0.0
-10.166666666666668,-1.0,8.13444444444444,8.788888888888877,-3.851851851851853,-0.3055555555555558,-0.0277777777777776,-6.0,0.0,0.111111111111111,0.0,-27.0,-7.0,-6.0,-3.0,0.0,-1.0,0.0,-1.0,0.0,0.0,0.0,-3.0,-1.0,0.0,0.0,-1.0,0.0
